{
    "action": {
        "min": [
            -39.82417678833008,
            -97.05494689941406,
            -96.70330047607422,
            -78.54945373535156,
            -94.28571319580078,
            0.0
        ],
        "max": [
            47.120880126953125,
            69.89010620117188,
            96.0879135131836,
            114.4175796508789,
            122.5054931640625,
            52.19337463378906
        ],
        "mean": [
            -1.6121745109558105,
            -19.3127734541893,
            23.583416211605073,
            65.55871181488038,
            -3.9806535676121713,
            12.336045503616333
        ],
        "std": [
            16.398263316599913,
            45.48870530754261,
            36.46102790644298,
            27.009976891072483,
            27.220283743130338,
            9.951430001719329
        ],
        "count": [
            15980
        ],
        "q01": [
            -31.35236187056587,
            -74.48213102792171,
            -46.76401374243474,
            28.187291764813377,
            -31.54636062509616,
            1.4235984153736183
        ],
        "q10": [
            -21.783599071912516,
            -66.08955412181423,
            -20.166899229929626,
            39.280684575072655,
            -25.492019259718372,
            3.44599355196869
        ],
        "q50": [
            -0.0608180223399124,
            -22.790875423993615,
            29.373037555429452,
            67.7714389327544,
            -3.20696162301558,
            11.320654287887537
        ],
        "q90": [
            14.320007058318724,
            32.458101266231786,
            55.33976440355658,
            84.18803221936703,
            17.436330882223196,
            23.258333061074907
        ],
        "q99": [
            17.62324116765038,
            52.247231939494306,
            61.41429614126968,
            93.5718017674833,
            25.69268913261463,
            28.93343440052645
        ]
    },
    "observation.state": {
        "min": [
            -39.69230651855469,
            -96.17582702636719,
            -94.19779968261719,
            -77.27472686767578,
            -73.45054626464844,
            0.28109627962112427
        ],
        "max": [
            46.81318664550781,
            71.03296661376953,
            96.83516693115234,
            92.92308044433594,
            122.15384674072266,
            51.65143966674805
        ],
        "mean": [
            -1.8412880580872297,
            -18.245332872867586,
            25.309876596927644,
            64.84017219543456,
            -3.6618078485131265,
            12.973286843299865
        ],
        "std": [
            16.391610996344067,
            46.057565581931534,
            36.25116446290592,
            25.51055972939597,
            26.54544332604716,
            9.830618145991407
        ],
        "count": [
            15980
        ],
        "q01": [
            -31.31009441035507,
            -73.94927362586287,
            -43.918815373781825,
            28.934871509666024,
            -29.49894041832394,
            2.2838878645113803
        ],
        "q10": [
            -21.919318176921212,
            -65.61077271176126,
            -18.176502837424838,
            39.62476704114929,
            -24.258876211451884,
            4.479634168977148
        ],
        "q50": [
            -0.37374905656642826,
            -21.378677179792778,
            30.728987116742235,
            67.65097445964834,
            -3.1375535001576242,
            12.133121160456813
        ],
        "q90": [
            14.073465172492197,
            33.67022789064642,
            56.88022961081668,
            81.69020924731412,
            17.510898147428417,
            23.412022083133206
        ],
        "q99": [
            17.214555320667255,
            53.42619741061081,
            62.180341872335795,
            87.04693887116461,
            25.492127683017152,
            28.6523841003375
        ]
    },
    "episode_index": {
        "min": [
            0
        ],
        "max": [
            19
        ],
        "mean": [
            9.5
        ],
        "std": [
            5.766281297335398
        ],
        "count": [
            15980
        ],
        "q01": [
            9.5
        ],
        "q10": [
            9.500000000000004
        ],
        "q50": [
            9.50000000000002
        ],
        "q90": [
            9.500000000000039
        ],
        "q99": [
            9.50000000000004
        ]
    },
    "index": {
        "min": [
            0
        ],
        "max": [
            15979
        ],
        "mean": [
            7989.5
        ],
        "std": [
            4613.028641792722
        ],
        "count": [
            15980
        ],
        "q01": [
            7597.5208039999
        ],
        "q10": [
            7669.486039999918
        ],
        "q50": [
            7989.571819999998
        ],
        "q90": [
            8309.51396000008
        ],
        "q99": [
            8381.4791960001
        ]
    },
    "task_index": {
        "min": [
            0
        ],
        "max": [
            0
        ],
        "mean": [
            0.0
        ],
        "std": [
            0.0
        ],
        "count": [
            15980
        ],
        "q01": [
            3.9999999999994176e-16
        ],
        "q10": [
            3.999999999999417e-15
        ],
        "q50": [
            1.9999999999997084e-14
        ],
        "q90": [
            3.5999999999994766e-14
        ],
        "q99": [
            3.959999999999423e-14
        ]
    },
    "observation.images.cam_onboard": {
        "min": [
            [
                [
                    0.0
                ]
            ],
            [
                [
                    0.0
                ]
            ],
            [
                [
                    0.0
                ]
            ]
        ],
        "max": [
            [
                [
                    1.0
                ]
            ],
            [
                [
                    1.0
                ]
            ],
            [
                [
                    1.0
                ]
            ]
        ],
        "mean": [
            [
                [
                    0.5184727043845315
                ]
            ],
            [
                [
                    0.505720939474401
                ]
            ],
            [
                [
                    0.49707179820261455
                ]
            ]
        ],
        "std": [
            [
                [
                    0.034844363364977725
                ]
            ],
            [
                [
                    0.033686268295426924
                ]
            ],
            [
                [
                    0.026023271523995483
                ]
            ]
        ],
        "count": [
            3000
        ],
        "q01": [
            [
                [
                    0.026055820812031966
                ]
            ],
            [
                [
                    0.042948020934698586
                ]
            ],
            [
                [
                    0.00038901161611540005
                ]
            ]
        ],
        "q10": [
            [
                [
                    0.1615638013919365
                ]
            ],
            [
                [
                    0.1719408918947297
                ]
            ],
            [
                [
                    0.1011764385345988
                ]
            ]
        ],